sentence_id	token	pos_GF	pos_AT		Adjudication		
1	si	CONJ	CONJ		CONJ		
1	fanm-	NOUN	NOUN		NOUN		
1	la	DET	DET		DET		
1	pa	ADV	ADV		ADV		
1	té	VERB	VERB		VERB		
1	la	ADV	ADV		ADV		
1	an	PRON	PRON		PRON		
1	té	PART	PART		PART		
1	ké	PART	PART		PART		
1	pati	VERB	VERB		VERB		
2	ou	PRON	PRON		PRON		
2	poko	ADV	ADV		ADV		
2	ba-	VERB	VERB		VERB		
2	y	PRON	PRON		PRON		
2	lajan	NOUN	NOUN		NOUN		
2	oben	CONJ	CONJ		CONJ		
2	ou	PRON	PRON		PRON		
2	ja	ADV	ADV		ADV		
2	ba	VERB	VERB		VERB		
2	y	PRON	PRON		PRON		
2	li	PRON	PRON		PRON		
3	i	PRON	PRON		PRON		
3	ké	PART	PART		PART		
3	byen	ADV	ADV		ADV		
3	gaté	ADJ	ADJ		ADJ		
3	ki	ADJ	ADJ		ADJ		
3	laj	NOUN	NOUN		NOUN		
3	a'y	PRON	ADP+PRON		PRON	PRON	
4	a_fòs	ADP	SCONJ		ADP	locution prépositive	
4	makak	NOUN	NOUN		NOUN		
4	karésé	VERB	VERB		VERB		
4	pitit	NOUN	NOUN		NOUN		
4	a'y	PRON	PRON		PRON	nouveau token a'y	PRON
4	i	PRON	PRON		PRON		
4	kyouwé	VERB	VERB		VERB		
4	'y	PRON	PUNCT		PRON		
5	maladi	NOUN	PRON		NOUN		
5	vin	VERB	VERB		VERB		
5	a	ADP	ADP		ADP		
5	chouval	NOUN	NOUN		NOUN		
5	i	PRON	PRON		PRON		
5	ka	PART	PART		PART		
5	alé	VERB	VERB		VERB		
5	a	ADP	ADP		ADP		
5	pyé	NOUN	NOUN		NOUN		
6	two	ADP	ADV		ADV		
6	présé	VERB	VERB		VERB		
6	pa	ADV	ADV		ADV		
6	ka	PART	PART		PART		
6	fè	VERB	AUX		AUX		
6	jou	NOUN	NOUN		NOUN		
6	ouvè	VERB	VERB		VERB		
7	an	DET	ADP		DET		
7	chandèl	NOUN	NOUN		NOUN		
7	kabrit	NOUN	NOUN		NOUN		
7	ka	PART	PART		PART		
7	sanb	VERB	VERB		VERB		
7	ti	ADJ	ADJ		ADJ		
7	fi	NOUN	NOUN		NOUN		
8	a_fòs	SCONJ	SCONJ		SCONJ		
8	frékanté	VERB	VERB		VERB		
8	chyen	NOUN	NOUN		NOUN		
8	ou	PRON	PRON		PRON		
8	ka	PART	PART		PART		
8	trapé	VERB	VERB		VERB		
8	pis'	NOUN	NOUN		NOUN		
9	sé	VERB	VERB		VERB		
9	gren	NOUN	NOUN		NOUN		
9	diri	NOUN	NOUN		NOUN		
9	ka	PART	PART		PART		
9	fè	VERB	VERB		VERB		
9	sak	NOUN	NOUN		NOUN		
9	diri	NOUN	NOUN		NOUN		
10	malè	NOUN	NOUN		NOUN		
10	pa	ADV	ADV		ADV		
10	ni	VERB	VERB		VERB		
10	klakson	NOM	NOUN		NOUN		
11	sè	ADV	VERB		VERB		
11	an	DET	DET		DET		
11	sèl	ADJ	ADJ		ADJ		
11	kominoté	NOUN	NOUN		NOUN		
12	ou	PRON	PRON		PRON		
12	ka	PART	PART		PART		
12	sonjé	VERB	VERB		VERB		
12	ki_jan	ADJ+PRON	ADJ+NOM		ADV		
12	yo	PRON	PRON		PRON		
12	ka	PART	PART		PART		
12	fè	VERB	VERB		VERB		
12	sa	PRON	PRON		PRON		
13	fo	AUX	AUX		AUX		
13	nou	PRON	PRON		PRON		
13	pa	ADV	ADV		ADV		
13	oubliyé	VERB	VERB		VERB		
13	nou	PRON	PRON		PRON		
13	ni	VERB	VERB		VERB		
13	menm	ADJ	ADJ		ADJ		
13	istwa	NOUN	NOUN		NOUN		
14	kréòl	NOUN	NOUN		NOUN		
14	osi	ADV	ADV		ADV		
14	an	ADP	ADP		ADP		
14	fòs	NOUN	NOUN		NOUN		
14	sé	VERB	VERB		VERB		
14	kilti	NOUN	NOUN		NOUN		
14	an	ADP	ADP		ADP		
14	nou	PRON	PRON		PRON		
15	an	PRON	PRON		PRON		
15	enkyèt	ADJ	ADJ		ADJ		
15	kon	ADP	ADP		ADP		
15	tikyèt	NOUN	NOUN		NOUN		
15	a	ADP	ADP		ADP		
15	finèt	NOUN	NOUN		NOUN		
15	nèf	ADJ	ADJ		ADJ		
15	a	ADP	ADP		ADP		
15	katr	DET	DET		DET		
15	è	NOUN	NOUN		NOUN		
15	d	ADP	ADP		ADP		
15	maten	NOUN	NOUN		NOUN		
16	i	PRON	PRON		PRON		
16	di	VERB	VERB		VERB		
16	mwen	PRON	PRON		PRON		
16	an	PRON	PRON		PRON		
16	ka	PART	PART		PART		
16	kolé	VERB	VERB		VERB		
16	an	PRON	?		X	dysfluence	
16	men	ADJ	NOUN		PRON		
16	an	?	ADP		X	dysfluence	
16	télé	NOUN	NOUN		NOUN		
16	la	DET	DET		DET		
16	chak	DET	DET		DET		
16	fwa	NOUN	NOUN		NOUN		
16	si	SCONJ	SCONJ		SCONJ		
16	w	PRON	PRON		PRON		
16	rémaké	VERB	VERB		VERB		
17	an	PRON	PRON		PRON		
17	ka	PART	PART		PART		
17	dansé	VERB	VERB		VERB		
17	konsa	ADV	ADV		ADV		
18	men	NOUN	NOUN		NOUN		
18	an	ADP	ADP		ADP		
18	mwen	PRON	PRON		PRON		
18	kolé	VERB	VERB		VERB		
18	si	ADP	ADP		ADP		
18	télé	NOUN	NOUN		NOUN		
18	la	DET	DET		DET		
18	an	?	?		X	dysfluenceÂ ?	PRON
18	ka	PART	PART		PART		
18	santi	VERB	VERB		VERB		
18	dè	DET	X		DET		
18	vibrasyon	NOUN	NOUN		NOUN		
19	é	CONJ	CONJ		CONJ		
19	an	PRON	PRON		PRON		
19	ka	PART	PART		PART		
19	dansé	VERB	VERB		VERB		
19	ritm	NOUN	NOUN		NOUN		
19	la	DET	DET		DET		
19	men	CONJ	CONJ		CONJ		
19	an	PRON	PRON		PRON		
19	pa	ADV	ADV		ADV		
19	ka	AUX	AUX		PART	PART	
19	tann	VERB	VERB		VERB		
19	sa	PRON	PRON		PRON	pb tokénisation sa'wÂ : ce que tu => plutÃ´t un token	
19	'w	PRON	PRON		PRON		
19	tann	VERB	VERB		VERB		
20	anmenm	DET	DET		DET	anmenm tanÂ : figéÂ ?	
20	tan	NOUN	NOUN		NOUN		
20	mékrédi	NOUN	NOUN		NOUN		
20	fo	AUX	AUX		AUX		
20	an	PRON	PRON		PRON		
20	ay	VERB	VERB		VERB		
20	an	ADP	ADP		ADP		
20	pisin	NOUN	NOUN		NOUN		
20	la	DET	DET		DET		
21	sa	PRON	PRON		PRON		
21	ké	PART	PART		PART		
21	dépann	VERB	VERB		VERB		
21	si	SCONJ	SCONJ		SCONJ		
21	ou	PRON	PRON		PRON		
21	di	VERB	VERB		VERB		
21	mwen	PRON	PRON		PRON		
21	an	PRON	PRON		PRON		
21	ké	PART	PART		PART		
21	vin	VERB	VERB		VERB		
21	fè	VERB	VERB		VERB		
21	sa	PRON	PRON		PRON		
21	avè	ADP	ADP		ADP		
21	ou	PRON	PRON		PRON		
21	an	ADP	ADP		ADP		
21	pisin	NOUN	NOUN		NOUN		
21	la	DET	DET		DET		
22	an	PRON	PRON		PRON		
22	ké	PART	PART		PART		
22	rivé	VERB	VERB		VERB		
22	avan	ADP	ADP		ADP		
22	dé	DET	X		DET		
22	tout	DET	DET		DET		
22	fason	NOUN	NOUN		NOUN		
22	men	CONJ	CONJ		CONJ		
22	si	SCONJ	SCONJ		SCONJ		
22	ou	PRON	PRON		PRON		
22	di	VERB	VERB		VERB		
22	mwen	PRON	PRON		PRON		
22	ké	PART	PART		PART		
22	ou	PRON	PRON		PRON		
22	préfè	VERB	VERB		VERB		
22	on	DET	DET		DET		
22	lòt	ADJ	ADJ		ADJ		
22	jou	NOUN	NOUN		NOUN		
23	mal	ADV	ADV		ADV		
23	palé	VERB	VERB		VERB		
23	nou	PRON	PRON		PRON		
23	antré	ADP	ADP		ADP		
23	nou	PRON	PRON		PRON		
23	nou	PRON	PRON		PRON		
23	pa	ADV	ADV		ADV		
23	bizwen	VERB	VERB		VERB		
23	sa	PRON	PRON		PRON		
23	ankò	ADV	ADV		ADV		
24	blan	NOUN	NOUN		NOUN		
24	nèg	NOUN	NOUN		NOUN		
24	nwaw	NOUN	NOUN		NOUN		
24	sé	VERB	VERB		VERB		
24	sé	VERB	VERB		VERB		
24	an	DET	DET		DET		
24	sèl	ADJ	ADJ		ADJ		
24	fòs	NOUN	NOUN		NOUN		
25	mandé	VERB	VERB		VERB		
25	mwen	PRON	PRON		PRON		
25	menm	ADJ	ADJ		ADJ		
25	si	SCONJ	SCONJ		SCONJ		
25	an	PRON	PRON		PRON		
25	té	PART	PART		PART		
25	ni	VERB	VERB		VERB		
25	kouzin	NOUN	NOUN		NOUN		
25	ki	PRON	PRON		PRON		
25	té	PART	PART		PART		
25	vin	VERB	VERB		VERB		
25	si	SCONJ	SCONJ		SCONJ		
25	an	PRON	PRON		PRON		
25	té	PART	PART		PART		
25	ni	VERB	VERB		VERB		
25	kouzin	NOUN	NOUN		NOUN		
25	ki	PRON	PRON		PRON		
25	pa	ADV	ADV		ADV		
25	ka	PART	PART		PART		
25	tann	VERB	VERB		VERB		
26	pli	ADV	ADV		ADV		
26	gran	ADJ	ADJ		ADJ		
26	kilti	NOM	NOUN		NOUN		
26	a	ADP	ADP		ADP		
26	Mari-Galant	PROPN	PROPN		PROPN		
26	sé	VERB	VERB		VERB		
26	kann	NOUN	NOUN		NOUN		
26	avè	ADP	ADP		ADP		
26	kiles	PRON	PRON		PRON		
26	yo	PRON	PRON		PRON		
26	ka	PART	PART		PART		
26	fè	VERB	VERB		VERB		
26	sik	NOUN	NOUN		NOUN		
26	é	CONJ	CONJ		CONJ		
26	wonm	NOUN	NOUN		NOUN		
27	ki	PRON	PRON		PRON		
27	sé	VERB	VERB		VERB		
27	moun	NOUN	NOUN		NOUN		
27	Gwadoup	PROPN	PROPN		PROPN		
27	Matinik	PROPN	PROPN		PROPN		
27	Ayiti	PROPN	PROPN		PROPN		
27	Guyan	PROPN	PROPN		PROPN		
27	nou	PRON	pr		PRON		
27	sé	VERB	VERB		VERB		
27	an	DET	DET		DET		
27	sèl	ADJ	ADJ		ADJ		
27	kréòl	NOUN	NOUN		NOUN		
27	sé	VERB	VERB		VERB		
27	an	DET	DET		DET		
27	sèl	ADJ	ADJ		ADJ		
27	fòs	NOUN	NOUN		NOUN		
28	an	ADP	ADP		ADP	an_jénéralÂ ? ADVÂ ?	
28	jénéral	NOUN	NOUN		NOUN		
28	lè	SCONJ	SCONJ		SCONJ		
28	ou	PRON	PRON		PRON		
28	pa	ADV	ADV		ADV		
28	ni	VERB	VERB		VERB		
28	manman	NOUN	NOUN		NOUN		
28	w	PRON	PRON		PRON		
28	papa	NOUN	NOUN		NOUN		
28	w	PRON	PRON		PRON		
28	déryé	ADP	ADP		ADP		
28	do	NOUN	NOUN		NOUN		
28	a	PRON	PRON		PRON	tokénisation a'w	
28	'w	PRON	PRON		PRON		
28	ou	PRON	ADV+PRON		 PRON		
28	tou	ADV	ADV		ADV		
28	jèn	ADJ	ADJ		ADJ		
29	an	PRON	PRON		PRON		
29	té	PART	PART		PART		
29	byen	ADV	ADV		ADV		
29	émé	VERB	VERB		VERB		
29	sa	PRON	PRON		PRON		
29	an	PRON	PRON		PRON		
29	té	PART	PART		PART		
29	ka	PART	PART		PART		
29	aprann	VERB	VERB		VERB		
29	byen	ADV	ADV		ADV		
29	an	PRON	PRON		PRON		
29	té	PART	PART		PART		
29	asé	ADV	ADV		ADV		
29	sérièz	ADJ	ADJ		ADJ		
30	an	PRON	PRON		PRON		
30	ka	PART	PART		PART		
30	wè	VERB	VERB		VERB		
30	ou	PRON	PRON		PRON		
30	ka	PART	PART		PART		
30	dansé	VERB	VERB		VERB		
30	su	ADP	ADP		ADP		
30	mizik	NOUN	NOUN		NOUN		
30	sé	DET	DET		DET		
30	klip	NOUN	NOUN		NOUN		
30	la	DET	DET		DET		
30	an	ADP	ADP		ADP		
30	télé	NOUN	NOUN		NOUN		
30	la	DET	DET		DET		
31	Dé	ADP	ADP		ADP		
31	tout	DET	DET		DET		
31	fason	NOUN	NOUN		NOUN		
31	sé	VERB	VERB		VERB		
31	té	PART	PART		PART		
31	prémyé	ADJ	ADJ		ADJ		
31	fwa	NOUN	NOUN		NOUN		
31	an	PRON	PRON		PRON		
31	té	PART	PART		PART		
31	wè	VERB	VERB		VERB		
31	on	DET	DET		DET		
31	moun	NOUN	NOUN		NOUN		
31	ki	PRON	PRON		PRON		
31	pa	ADV	ADV		ADV		
31	té	PART	PART		PART		
31	ka	AUX	AUX		AUX		
31	tann	VERB	VERB		VERB		
31	ké	PRON	SCONJ		SCONJ		
31	an	PRON	PRON		PRON		
31	té	PART	PART		PART		
31	ka	PART	PART		PART		
31	tann	VERB	VERB		VERB		
31	palé	VERB	VERB		VERB		
31	dé	ADP	ADP		ADP		
31	sa	PRON	PRON		PRON		
32	rakoun	NOUN	NOUN		NOUN		
32	la	DET	DET		DET		
32	sé	VERB	VERB		VERB		
32	amblem	VERB	NOUN		NOUN		
32	Pak	NOUN	NOUN		NOUN		
32	national	ADJ	ADJ		ADJ		
32	Gwadloup	PROPN	PROPN		PROPN		
32	men	CONJ	CONJ		CONJ		
32	sé	VERB	VERB		VERB		
32	on	DET	DET		DET		
32	jan	NOUN	NOUN		NOUN		
32	ki	PRON	PRON		PRON		
32	té	PART	PART		PART		
32	introdwi	VERB	VERB		VERB		
32	kon	ADP	ADP		ADP		
32	mangous	NOUN	NOUN		NOUN		
32	ou	CONJ	CONJ		CONJ		
32	rat'	NOUN	NOUN		NOUN		
33	sapoti	NOUN	NOUN		NOUN		
33	sé	VERB	VERB		VERB		
33	on	DET	DET		DET		
33	fwi	NOUN	NOUN		NOUN		
33	a	ADP	ADP		ADP		
33	sapotiyé	NOUN	NOUN		NOUN		
33	chè	NOUN	NOUN		NOUN		
33	a	ADP	ADP		ADP		
33	y	PRON	PRON		PRON		
33	sikré	ADJ	ADJ		ADJ		
33	on_pil	ADV	ADV		ADV		
33	é	CONJ	CONJ		CONJ		
33	an	ADP	ADP		ADP		
33	tchè	NOUN	NOUN		NOUN		
33	a	ADP	ADP		ADP		
33	fwi	NOUN	NOUN		NOUN		
33	la	DET	DET		DET		
33	ni	VERB	VERB		VERB		
33	ti	ADJ	ADJ		ADJ		
33	grenn'	NOUN	NOUN		NOUN		
33	nwè	ADJ	ADJ		ADJ		
33	oswè	ADV	ADV		ADV		
34	la	DET	DET		DET		
34	mwen	PRON	PRON		PRON		
34	ké	PART	PART		PART		
34	ay	VERB	VERB		VERB		
34	kay	PART	PART		PART		
34	Jessica	PROPN	PROPN		PROPN		
34	dayè	ADP	ADP		ADP		
34	li	PRON	PRON		PRON		
34	di	VERB	VERB		VERB		
34	mwen	PRON	PRON		PRON		
34	vin	VERB	VERB		VERB		
34	lakaz	NOUN	NOUN		NOUN		
34	a	ADP	ADP		ADP		
34	y	PRON	PRON		PRON		
34	byento	ADV	ADV		ADV		
34	li	PRON	PRON		PRON		
34	di	VERB	VERB		VERB		
34	mwen	PRON	PRON		PRON		
34	li	PRON	PRON		PRON		
34	bezwen	AUX	AUX		AUX		
34	fè	VERB	VERB		VERB		
34	an	DET	DET		DET		
34	kolombo	NOUN	NOUN		NOUN		
34	paské	SCONJ	SCONJ		SCONJ		
35	lè	SCONJ	SCONJ		SCONJ		
35	an	DET	DET		DET		
35	moun	NOUN	NOUN		NOUN		
35	ki	PRON	PRON		PRON		
35	di	VERB	VERB		VERB		
35	mwen	PRON	PRON		PRON		
35	i	PRON	PRON		PRON		
35	ni	VERB	VERB		VERB		
35	an	DET	DET		DET		
35	diskou	NOUN	NOUN		NOUN		
35	kominotarist	ADJ	ADJ		ADJ		
35	mwen	PRON	PRON		PRON		
35	ka	PART	PART		PART		
35	di	VERB	VERB		VERB		
35	ki	SCONJ	SCONJ		SCONJ		
35	ou	PRON	PRON		PRON		
35	blan	ADJ	ADJ		ADJ		
35	si	SCONJ	SCONJ		SCONJ		
35	ou	PRON	PRON		PRON		
35	pou	ADP	ADP		ADP		
35	biten	NOUN	NOUN		NOUN		
35	la	DET	DET		DET		
35	avansé	VERB	VERB		VERB		
35	sé	VERB	VERB		VERB		
35	an	DET	DET		DET		
35	sèl	ADJ	ADJ		ADJ		
35	fòs	NOUN	NOUN		NOUN		
35	ki	PRON	PRON		PRON		
35	pou	ADP	ADP		ADP		
35	fè	AUX	AUX		AUX		
35	nou	PRON	PRON		PRON		
35	avansé	VERB	VERB		VERB		
35	Milatress	PROPN	PROPN		PROPN		
36	Solitid	PROPN	PROPN		PROPN		
36	sé	VERB	VERB		VERB		
36	an	DET	DET		DET		
36	figui	NOUN	NOUN		NOUN		
36	istorik	ADJ	ADJ		ADJ		
36	a	ADP	ADP		ADP		
36	résistans	NOUN	NOUN		NOUN		
36	a	ADP	ADP		ADP		
36	esklav	NOUN	NOUN		NOUN		
36	neg	ADJ	ADJ		ADJ		
36	an	ADP	ADP		ADP		
36	Gwadloup	PROPN	PROPN		PROPN		
36	té	PART	PART		PART		
36	egzisté	VERB	VERB		VERB		
36	mé	CONJ	CONJ		CONJ		
36	listwa	NOUN	NOUN		NOUN		
36	a	ADP	ADP		ADP		
36	y	PRON	PRON		PRON		
36	sé	VERB	VERB		VERB		
36	on	DET	DET		DET		
36	kont	NOUN	NOUN		NOUN		
36	yo	PRON	PRON		PRON		
37	ka	PART	PART		PART		
37	rann	VERB	VERB		VERB		
37	yo	PRON	PRON		PRON		
37	kont	NOUN	NOUN		NOUN		
37	ké	SCONJ	SCONJ		SCONJ		
37	tanbou	NOUN	NOUN		NOUN		
37	sé	VERB	VERB		VERB		
37	larézistans	NOUN	NOUN		NOUN		
37	sé	VERB	VERB		VERB		
37	sa	PRON	PRON		PRON		
37	ki	PRON	PRON		PRON		
37	pèmèt	VERB	VERB		VERB		
37	yo	PRON	PRON		PRON		
37	rézisté	VERB	VERB		VERB		
37	sa	PRON	PRON		PRON		
37	ki	PRON	PRON		PRON		
37	pèmèt	VERB	VERB		VERB		
37	yo	PRON	PRON		PRON		
37	osi	ADV	ADV		ADV		
37	solidarité	NOUN	NOUN		NOUN		
37	a	ADP	ADP		ADP		
37	yo	PRON	PRON		PRON		
37	sanblé	VERB	VERB		VERB		
37	donk	CONJ	CONJ		CONJ		
37	é	CONJ	CONJ		CONJ		
37	sé	VERB	VERB		VERB		
37	pou	ADP	ADP		ADP		
37	sa	PRON	PRON		PRON		
37	jodijou	ADV	ADV		ADV		
37	nou	PRON	PRON		PRON		
37	ka	PART	PART		PART		
37	respèkté	VERB	VERB		VERB		
37	gwo_ka	NOM	ADJ+NOM		NOUN		
38	tini	VERB	VERB		VERB		
38	onlo	DET	DET		DET		
38	dot	DET	DET		DET		
38	biten	NOM	NOUN		NOUN		
38	pou	ADP	ADP		ADP		
38	vwè	VERB	VERB		VERB		
38	Gel	PROPN	PROPN		PROPN		
38	Gran	PROPN	PROPN		PROPN		
38	Gouf	PROPN	PROPN		PROPN		
38	sé	VERB	VERB		VERB		
38	on	DET	DET		DET		
38	gran	ADJ	ADJ		ADJ		
38	twou	NOUN	NOUN		NOUN		
38	ki	PRON	PRON		PRON		
38	fouyé	VERB	VERB		VERB		
38	adan	ADP	ADP		ADP		
38	falez	NOUN	NOUN		NOUN		
38	la	DET	DET		DET		
38	é	CONJ	CONJ		CONJ		
38	adan	ADP	ADP		ADP		
38	kiles	PRON	PRON		PRON		
38	lanmè	NOUN	NOUN		NOUN		
38	la	DET	DET		DET		
38	ka	PART	PART		PART		
38	rantré	VERB	VERB		VERB		
38	Kay	PROPN	PROPN		PROPN		
38	Plat	PROPN	PROPN		PROPN		
38	sé	VERB	VERB		VERB		
38	on	DET	DET		DET		
38	falèz	NOM	NOUN		NOUN		
38	plat	ADJ	ADJ		ADJ		
38	anba	ADP	ADP		ADP		
38	kiles	PRON	PRON		PRON		
38	lanmè	NOM	NOUN		NOUN		
38	la	DET	DET		DET		
38	ka	PART	PART		PART		
38	rantré	VERB	VERB		VERB		
38	Moulen	PROPN	PROPN		PROPN		
38	Béza	PROPN	PROPN		PROPN		
38	sé	VERB	VERB		VERB		
38	on	DET	DET		DET		
38	moulen	NOUN	NOUN		NOUN		
38	yo	PRON	PRON		PRON		
38	rikonsui	VERB	VERB		VERB		
38	avè	ADP	ADP		ADP		
38	zel	NOUN	NOUN		NOUN		
38	a-y	PRON	ADP+PRON		PRON		
38	Bitasyon	PROPN	PROPN		PROPN		
38	Mira	PROPN	PROPN		PROPN		
38	sé	VERB	VERB		VERB		
38	on	DET	DET		DET		
38	bitasyon	NOUN	NOUN		NOUN		
38	an	ADP	ADP		ADP		
38	tan	NOUN	NOUN		NOUN		
38	lontan	ADJ	ADJ		ADJ		
38	moun	NOUN	NOUN		NOUN		
38	pé	AUX	AUX		AUX		
38	vizité	VERB	VERB		VERB		
39	swa	CONJ	VERB		SCONJ		
39	an	PRON	PRON		PRON		
39	ké	PART	PART		PART		
39	travay	VERB	VERB		VERB		
39	Paris-8	PROPN	PROPN		PROPN		
39	swa	CONJ	VERB		SCONJ		
39	an	PRON	PRON		PRON		
39	ké	PART	PART		PART		
39	travay	VERB	VERB		VERB		
39	lakaz	NOUN	NOUN		NOUN		
39	mwen	PRON	PRON		PRON		
39	kom	ADP	ADP		ADP		
39	sa	PRON	PRON		PRON		
39	lè	SCONJ	SCONJ		SCONJ		
39	ou	PRON	PRON		PRON		
39	vin	VERB	VERB		VERB		
39	an	PRON	PRON		PRON		
39	ké	PART	PART		PART		
39	la	ADV	ADV		ADV		
39	an	DET	DET		DET		
39	pé	ADV	ADV		ADV		
39	lwen	ADV	ADV		ADV		
39	si	SCONJ	SCONJ		SCONJ		
39	an	ADP	ADP		ADP		
39	Paris-8	PROPN	PROPN		PROPN		
39	swa	VERB	VERB		VERB		
39	si	SCONJ	SCONJ		SCONJ		
39	ou	PRON	PRON		PRON		
39	di	VERB	VERB		VERB		
39	mwen	PRON	PRON		PRON		
39	ké	PART	PART		PART		
39	sé	VERB	VERB		VERB		
39	on	DET	DET		DET		
39	lòt	ADJ	ADJ		ADJ		
39	jou	NOUN	NOUN		NOUN		
39	an	PRON	PRON		PRON		
39	pa	ADV	ADV		ADV		
39	sav	VERB	VERB		VERB		
39	an	PRON	PRON		PRON		
39	pé	AUX	AUX		AUX		
39	vwè	VERB	VERB		VERB		
39	men	CONJ	CONJ		CONJ		
39	ifo	AUX	AUX		AUX		
39	ou	PRON	PRON		PRON		
39	di	VERB	VERB		VERB		
39	sa	PRON	PRON		PRON		
39	lépito	ADV	ADV		ADV		
39	posib	ADV	ADV		ADV		
39	men	CONJ	CONJ		CONJ		
39	sé	VERB	VERB		VERB		
39	gro	ADJ	ADJ		ADJ		
39	délenkan	NOUN	NOUN		NOUN		
39	la	DET	DET		DET		
39	yo	PRON	PRON		PRON		
39	ka	PART	PART		PART		
39	kouri	VERB	VERB		VERB		
39	yo	PRON	PRON		PRON		
39	ka	PART	PART		PART		
39	fè	AUX	AUX		AUX		
39	tout	DET	DET		DET		
39	sa	PRON	PRON		PRON		
39	yo	PRON	PRON		PRON		
39	vlé	VERB	VERB		VERB		
39	yo	PRON	PRON		PRON		
39	ka	PART	PART		PART		
39	fè	AUX	AUX		AUX		
39	moun	NOUN	NOUN		NOUN		
39	sé	DET	DET		DET		
39	ti	ADJ	ADJ		ADJ		
39	boug	NOUN	NOUN		NOUN		
39	la	DET	DET		DET		
39	yo	PRON	PRON		PRON		
39	ka	PART	PART		PART		
39	fè	AUX	AUX		AUX		
39	moun	NOUN	NOUN		NOUN		
39	chié	VERB	VERB		VERB		
39	nan	ADP	ADP		ADP		
39	chimen	NOUN	NOUN		NOUN		
39	la	DET	DET		DET		
39	yo	PRON	PRON		PRON		
39	pa	ADV	ADV		ADV		
39	arété	VERB	VERB		VERB		
39	yo	PRON	PRON		PRON		
39	menm	ADV	ADV		ADV		
39	konyé_la	VERB	VERB		ADV		
39	lapolis	NOUN	NOUN		ADV		
39	vin	VERB	VERB		VERB		
39	pè	VERB	VERB		VERB		
39	konyé	VERB	VERB		VERB		
39	la a	DET	DET		DET		
39	tout	DET	DET		DET		
39	sa	PRON	PRON		PRON		
39	ka	PART	PART		PART		
39	pasé	VERB	VERB		VERB		
40	pétèt	ADV	ADV		ADV		
40	osi	ADV	ADV		ADV		
40	sé	VERB	VERB		VERB		
40	on	DET	DET		DET		
40	timoun	NOUN	NOUN		NOUN		
40	k’ay	VERB	PRON		SCONJ		
40	kòm	ADP	ADP		ADP		
40	yo	PRON	PRON		PRON		
40	ka	PART	PART		PART		
40	ba	VERB	VERB		VERB		
40	y	PRON	PRON		PRON		
40	san	ADP	ADP		ADP		
40	ké	SCONJ	SCONJ		SCONJ		
40	i	PRON	PRON		PRON		
40	mandé	VERB	VERB		VERB		
40	menm	ADV	ADV		ADV		
40	la	ADV	ADV		ADV		
40	i	PRON	PRON		PRON		
40	piti	ADJ	ADJ		ADJ		
40	bon	ADV	ADV		ADV		
40	i	PRON	PRON		PRON		
40	ni	VERB	VERB		VERB		
40	dé	DET	DET		DET		
40	zan	NOUN	NOUN		NOUN		
40	pétèt	ADV	ADV		ADV		
40	yo	PRON	PRON		PRON		
40	ka	PART	PART		PART		
40	ba	VERB	NOUN		VERB		
40	y	PRON	PRON		PRON		
40	san	ADP	ADP		ADP		
40	ké	SCONJ	SCONJ		SCONJ		
40	i	PRON	PRON		PRON		
40	mandé	VERB	VERB		VERB		
40	an	DET	DET		DET		
40	kado	NOUN	NOUN		NOUN		
40	pasi	ADV	ADV		ADV		
40	an	DET	DET		DET		
40	kado	NOUN	NOUN		NOUN		
40	pala	ADV	ADV		ADV		
41	an	PRON	PRON		PRON		
41	té	PART	PART		PART		
41	vlé	AUX	AUX		AUX		
41	rakonté	VERB	VERB		VERB		
41	zòt	PRON	PRON		PRON		
41	finalman	ADV	ADV		ADV		
41	dé	DET	DET		DET		
41	obstak	NOUN	NOUN		NOUN		
41	pou	ADP	ADP		ADP		
41	bay	VERB	VERB		VERB		
41	zòt	PRON	PRON		PRON		
41	fòs	NOUN	NOUN		NOUN		
41	é	CONJ	CONJ		CONJ		
41	kouray	NOUN	NOUN		NOUN		
41	finalman	ADV	ADV		ADV		
41	pou	ADP	ADP		ADP		
41	di	VERB	VERB		VERB		
41	zòt	PRON	PRON		PRON		
41	ni	VERB	VERB		VERB		
41	moun	NOUN	NOUN		NOUN		
41	ki	PRON	PRON		PRON		
41	ni	VERB	VERB		VERB		
41	obstak	NOUN	NOUN		NOUN		
41	ni	VERB	VERB		VERB		
41	moun	NOUN	NOUN		NOUN		
41	ka	PART	PART		PART		
41	réyisi	VERB	VERB		VERB		
41	kanmenm	ADV	ADV		ADV		
42	é	CONJ	CONJ		CONJ		
42	Fifi	PROPN	PROPN		PROPN		
42	ka	PART	PART		PART		
42	di	VERB	VERB		VERB		
42	mwen	PRON	PRON		PRON		
42	a!	INT	int		INT 		
42	sé	VERB	VERB		VERB		
42	on	DET	DET		DET		
42	timoun	NOUN	NOUN		NOUN		
42	ki	PRON	PRON		PRON		
42	ka	PART	PART		PART		
42	réyisi	VERB	VERB		VERB		
42	adan	ADP	ADP		ADP		
42	lavi	NOUN	NOUN		NOUN		
42	an	PRON	PRON		PRON		
42	di	VERB	VERB		VERB		
42	non	ADV	ADV		ADV		
42	sé	VERB	VERB		VERB		
42	pa	ADV	ADV		ADV		
42	paské	SCONJ	SCONJ		SCONJ		
42	timoun	NOUN	NOUN		NOUN		
42	la	DET	DET		DET		
42	gaté	ADJ	ADJ		ADJ		
42	okontrè	ADV	ADV		ADV		
42	menm	ADV	ADV		ADV		
42	pétèt	ADV	ADV		ADV		
42	sa	PRON	PRON		PRON		
42	ka	PART	PART		PART		
42	rann	VERB	VERB		VERB		
42	y	PRON	PRON		PRON		
42	pi	ADV	ADV		ADV		
42	malévé	ADJ	ADJ		ADJ		
42	ankò	ADV	ADV		ADV		
42	i	PRON	PRON		PRON		
42	konprann	VERB	VERB		VERB		
42	ké	SCONJ	SCONJ		SCONJ		
42	dépi	ADP	ADP		ADP		
42	i	PRON	PRON		PRON		
42	bizwen	VERB	VERB		VERB		
42	an	DET	DET		DET		
42	biten	NOUN	NOUN		NOUN		
42	fò	SCONJ	SCONJ		SCONJ		
42	i	PRON	PRON		PRON		
42	mandé	VERB	VERB		VERB		
42	fò	SCONJ	SCONJ		SCONJ		
42	yo	PRON	PRON		PRON		
42	ba	VERB	VERB		VERB		
42	y	PRON	PRON		PRON		
43	bib	NOUN	NOUN		NOUN		
43	la	DET	DET		DET		
43	labib	PROPN	PROPN		PROPN		
43	évé	CONJ	CONJ		CONJ		
43	vié	ADJ	ADJ		ADJ		
43	épi	CONJ	CONJ		CONJ		
43	nouvo	ADJ	ADJ		ADJ		
43	testaman	NOUN	NOUN		NOUN		
43	sé	VERB	VERB		VERB		
43	Bondyé	PROPN	PROPN		PROPN		
43	ki	PRON	PRON		PRON		
43	inspiré-	VERB	VERB		VERB		
43	y	PRON	PRON		PRON		
43	sé	VERB	VERB		VERB		
43	sèl	ADJ	ADJ		ADJ		
43	vrè	ADJ	ADJ		ADJ		
43	biten	NOUN	NOUN		NOUN		
43	ki	PRON	PRON		PRON		
43	matjé	ADJ	ADJ		ADJ		
43	et	CONJ	CONJ		CONJ		
43	on	DET	DET		DET		
43	lalwa	NOUN	NOUN		NOUN		
43	pou	ADP	ADP		ADP		
43	tout	DET	DET		DET		
43	krétien	NOUN	NOUN		NOUN		
43	ki	PRON	PRON		PRON		
43	ka	PART	PART		PART		
43	viv	VERB	VERB		VERB		
44	on	DET	DET		DET		
44	sèl	ADJ	ADJ		ADJ		
44	sauvè	NOUN	NOUN		NOUN		
44	pou	ADP	ADP		ADP		
44	mond	NOUN	NOUN		NOUN		
44	la	DET	DET		DET		
44	pou	ADP	ADP		ADP		
44	tala	PRON	PRON		PRON		
44	ki	PRON	PRON		PRON		
44	kréyé	VERB	VERB		VERB		
44	syèl	NOUN	NOUN		NOUN		
44	épi	CONJ	CONJ		CONJ		
44	latè	NOUN	NOUN		NOUN		
44	sé	VERB	VERB		VERB		
44	li	PRON	PRON		PRON		
44	li	PRON	PRON		PRON		
44	sé	VERB	VERB		VERB		
44	sèl	ADJ	ADJ		ADJ		
44	bondyé	NOUN	NOUN		NOUN		
44	ki	PRON	PRON		PRON		
44	vrè	ADJ	ADJ		ADJ		
45	yo	PRON	PRON		PRON		
45	ka	PART	PART		PART		
45	rasazé	VERB	VERB		VERB		
45	tout	DET	DET		DET		
45	sa	PRON	PRON		PRON		
45	yo	PRON	PRON		PRON		
45	plen	ADJ	ADJ		ADJ		
45	tout	ADV	ADV		ADV		
45	alò	ADV	ADV		ADV		
45	sèl	ADJ	ADJ		ADJ		
45	biten	NOUN	NOUN		NOUN		
45	yo	PRON	PRON		PRON		
45	ni	VERB	VERB		VERB		
45	konyè	VERB	VERB		VERB		
45	la	DET	DET		DET		
45	sé	VERB	VERB		VERB		
45	zanmi	NOUN	NOUN		NOUN		
45	a	ADP	ADP		ADP		
45	yo	PRON	PRON		PRON		
45	yo	PRON	PRON		PRON		
45	ka	PART	PART		PART		
45	wè	VERB	VERB		VERB		
45	sa	PRON	PRON		PRON		
45	zanmi	NOUN	NOUN		NOUN		
45	a	ADP	ADP		ADP		
45	yo	PRON	PRON		PRON		
45	ka	PART	PART		PART		
45	fè	VERB	VERB		VERB		
45	yo	PRON	PRON		PRON		
45	k'ay	PART	PART		PART		
45	fouté	VERB	VERB		VERB		
45	bòdèl	NOUN	NOUN		NOUN		
46	si	SCONJ	SCONJ		SCONJ		
46	ou	PRON	PRON		PRON		
46	té	PART	PART		PART		
46	trapé	VERB	VERB		VERB		
46	bak	NOUN	NOUN		NOUN		
46	ou	PRON	PRON		PRON		
46	ay	VERB	VERB		VERB		
46	inivèsité	NOUN	NOUN		NOUN		
46	ou	PRON	PRON		PRON		
46	sav	VERB	VERB		VERB		
46	ou	PRON	PRON		PRON		
46	pa	ADV	ADV		ADV		
46	oblijé	VERB	VERB		VERB		
46	fè	VERB	VERB		VERB		
46	lèson	NOUN	NOUN		NOUN		
46	an	DET	DET		DET		
46	ou	PRON	PRON		PRON		
46	pa	ADV	ADV		ADV		
46	oblijé	VERB	VERB		VERB		
46	ay	VERB	VERB		VERB		
46	lèkòl	NOUN	NOUN		NOUN		
47	kilti	NOUN	NOUN		NOUN		
47	la	DET	DET		DET		
47	sa	DET	DET		DET		
47	piské	SCONJ	SCONJ		SCONJ		
47	lè	SCONJ	SCONJ		SCONJ		
47	nou	PRON	PRON		PRON		
47	té	PART	PART		PART		
47	pi	ADV	ADV		ADV		
47	jèn	ADJ	ADJ		ADJ		
47	yo	PRON	PRON		PRON		
47	pa	ADV	ADV		ADV		
47	aprann	VERB	VERB		VERB		
47	nou	PRON	PRON		PRON		
47	dansé	VERB	VERB		VERB		
47	yo	PRON	PRON		PRON		
47	pa	ADV	ADV		ADV		
47	aprann	VERB	VERB		VERB		
47	nou	PRON	PRON		PRON		
47	jwé	VERB	VERB		VERB		
47	donk	CONJ	CONJ		CONJ		
47	sé	VERB	VERB		VERB		
47	résèvé	ADJ	ADJ		ADJ		
47	vréman	ADV	ADV		ADV		
47	a	ADP	ADP		ADP		
47	an	DET	DET		DET		
47	sètèn	ADJ	ADJ		ADJ		
47	katéjori	NOUN	NOUN		NOUN		
47	dé	ADP	ADP		ADP		
47	moun	NOUN	NOUN		NOUN		
48	é	CONJ	CONJ		CONJ		
48	délè	SCONJ	SCONJ		SCONJ		
48	ki	PRON	PRON		PRON		
48	ka	PART	PART		PART		
48	vayé	VERB	VERB		VERB		
48	finalman	ADV	ADV		ADV		
48	an	PRON	PRON		PRON		
48	pa	ADV	ADV		ADV		
48	rakonté	VERB	VERB		VERB		
48	zòt	PRON	PRON		PRON		
48	pou	ADP	ADP		ADP		
48	zafè	NOUN	NOUN		NOUN		
48	obstak	NOUN	NOUN		NOUN		
48	antouka	ADV	ADV		ADV		
48	pa	ADV	ADV		ADV		
48	dan	ADP	ADP		ADP		
48	détay	NOUN	NOUN		NOUN		
49	men	CONJ	CONJ		CONJ		
49	kanmenm	ADV	ADV		ADV		
49	an	PRON	PRON		PRON		
49	éséyé	VERB	VERB		VERB		
49	bay	VERB	VERB		VERB		
49	zòt	PRON	PRON		PRON		
49	lafòs	NOUN	NOUN		NOUN		
49	pou	ADP	ADP		ADP		
49	zòt	PRON	PRON		PRON		
49	ka	PART	PART		PART		
49	avansé	VERB	VERB		VERB		
50	finalman	ADV	ADV		ADV		
50	an	PRON	PRON		PRON		
50	diskité	VERB	VERB		VERB		
50	avé	ADP	ADP		ADP		
50	y	PRON	PRON		PRON		
50	an	PRON	PRON		PRON		
50	mandé	VERB	VERB		VERB		
50	y	PRON	PRON		PRON		
50	an	PRON	PRON		PRON		
50	pa	ADV	ADV		ADV		
50	konprann	VERB	VERB		VERB		
50	manman	NOUN	NOUN		NOUN		
50	mwen	PRON	PRON		PRON		
50	di	VERB	VERB		VERB		
50	mwen	PRON	PRON		PRON		
50	ké	SCONJ	SCONJ		SCONJ		
50	ou	PRON	PRON		PRON		
50	pa	ADV	ADV		ADV		
50	ka	PART	PART		PART		
50	tann	VERB	VERB		VERB		
50	an	PRON	PRON		PRON		
50	ka	PART	PART		PART		
50	palé	VERB	VERB		VERB		
50	ba	ADP	ADP		ADP		
50	ou	PRON	PRON		PRON		
50	ou	PRON	PRON		PRON		
50	ka	PART	PART		PART		
50	tann	VERB	VERB		VERB		
51	yo	PRON	PRON		PRON		
51	ka	PART	PART		PART		
51	mèt	VERB	VERB		VERB		
51	vi	PRON	NOUN	NOUN	NOUN		
51	a	ADP 	ADP 		ADP 		
51	yo	PRON	PRON		PRON		
51	andanjé	ADJ			ADJ		en dangejé ? 
51	_VIRGULE_	PUNCT	PUNCT		PUNCT		
51	vi	PRON	NOUN	NOUN	NOUN		
51	a	ADP 	ADP 		ADP 		
51	dòt	DET	ADJ	DET	DET		
51	moun	NOUN	NOUN		NOUN		
51	_VIRGULE_	PUNCT	PUNCT		PUNCT		
51	sitou	ADV			ADV	surtout	
51	a	ADP 	ADP 		ADP 		
51	yo	PRON	PRON		PRON		
51	menm	ADV	ADV		ADV		
51	andanjé	ADJ			ADJ		
51	osi	ADV	ADV		ADV		
51	.	PUNCT	PUNCT		PUNCT		
52	sé	VERB	VERB	DET	DET		
52	boug	NOUN			NOUN		
52	la	DET			DET		
52	sa	PRON			PRON		
52	yo	PRON	PRON		PRON		
52	dwèt	AUX			AUX		
52	pa	ADV	ADV		ADV		
52	menm	ADV	ADV		ADV		
52	réfléchi	VERB	VERB		VERB		
52	.	PUNCT	PUNCT		PUNCT		
53	prémyé	ADJ	ADJ		ADJ		
53	biten	NOUN	NOUN		NOUN		
53	an	PRON			PRON	JE	
53	té	PART	PART		PART	en train de	
53	ka	PART	PART		PART		
53	sonjé	VERB	VERB		VERB		
53	an	PRON			PRON		
53	ka	PART	PART		PART		
53	di	VERB			VERB		
53	mésyé	NOUN			NOUN		
53	sa	PRON	PRON		PRON		
53	manman	NOUN	NOUN		NOUN		
53	mwen	PRON	PRON		PRON		
53	k'ay			PART	PART	PART+VERB ?	
53	di	VERB			VERB		
53	dé	ADP 		DET	DET		
53	mwen	PRON	PRON		PRON		
53	_VIRGULE_	PUNCT	PUNCT		PUNCT		
53	sa				PRON		
53	fanmi	NOUN	NOUN		NOUN		
53	mwen	PRON	PRON		PRON		
53	ka	PART	PART		PART		
53	di	VERB			VERB		
53	mwen	PRON	PRON		PRON		
53	.	PUNCT	PUNCT		PUNCT		
54	Hay	VERB	VERB		VERB		?
54	mé	CCONJ	CCONJ		CCONJ		mais dedansÂ ?
54	dan	NOUN	ADV	NOUN	NOUN		
54	a'y	PRON	VERB	PRON	PRON		tokÂ ?
54	blan	ADJ	ADJ		ADJ		
54	.	PUNCT	PUNCT		PUNCT		
55	Chak	DET	DET		DET		
55	bourgo	NOUN	NOUN		NOUN		
55	ka	PART	PART		PART		
55	halé	VERB			VERB		
55	kaz	NOUN	NOUN		NOUN		
55	a'y	PRON			PRON		
55	.	PUNCT	PUNCT		PUNCT	A REMPLACER PAR POINT	
56	Zafé	NOUN	VERB	NOUN	NOUN		ca faitÂ ?
56	kabwit	NOUN	NOUN		NOUN	ADJÂ ?	
56	pa	ADV	ADV		ADV	?? 	
56	lapen	NOUN	NOUN		NOUN		la peineÂ ?
56	.	PUNCT	PUNCT		PUNCT		
57	Chat	NOUN	NOUN		NOUN		
57	pa	ADV	ADV		ADV		
57	la	ADV	ADV		ADV		
57	_VIRGULE_	PUNCT	PUNCT		PUNCT		
57	rat	NOUN	NOUN		NOUN		
57	ka	PART	PART		PART		
57	bay	VERB			VERB		
57	bal	NOUN			NOUN		
57	.	PUNCT	PUNCT		PUNCT		
58	Achté	VERB	VERB		VERB		
58	van	NOUN	NOUN		NOUN		
58	pou	ADP 	ADP 		ADP 		
58	vann	VERB	VERB		VERB		
59	Sé	VERB			VERB		
59	zanmi	NOUN	NOUN		NOUN		
59	fè	VERB	VERB		VERB		
59	si	SCONJ			SCONJ		
59	krab	NOUN			NOUN		
59	pa	ADV	ADV		ADV		
59	ni	VERB			VERB		
59	tèt	NOUN	NOUN		NOUN		
59	.	PUNCT	PUNCT		PUNCT		
60	Kassav	PROPN	PROPN		PROPN		
60	sé	VERB	VERB		VERB		
60	on	DET	DET		DET		
60	gwoup	NOUN	NOUN		NOUN		
60	dé	ADP 	DET	DET	DET		
60	mizik	NOUN	NOUN		NOUN		
60	gwadloupÃ©yen	ADJ	ADJ		ADJ		
60	.	PUNCT	PUNCT		PUNCT		
61	Sé	ADV	VERB	VERB	VERB		
61	zouk	NOUN	NOUN		NOUN		
61	yo	PRON	PRON		PRON		
61	ka	PART	PART		PART		
61	fè	VERB	VERB		VERB		
61	.	PUNCT	PUNCT		PUNCT		
62	Yonn	DET	DET		DET	SEULE	
62	dé	ADP 	DET	DET	DET		
62	bitin	NOUN	NOUN		NOUN		
62	ki	PRON	SCONJ	SCONJ 	SCONJ 		
62	ka	PART	PART		PART		
62	interesé	VERB	VERB		VERB		
62	sé	VERB	VERB	VERB	VERB		
62	moun	NOUN	NOUN		NOUN		
62	plis	ADV	ADV		ADV		
62	sé	VERB	NUM	VERB	VERB		
62	la	DET	DET		DET		
62	Touw	PROPN	PROPN		PROPN		
62	Efel	PROPN	PROPN		PROPN		
62	.	PUNCT	PUNCT		PUNCT		
63	Sé	VERB	VERB		VERB		
63	yon	DET	DET		DET		
63	plass	NOUN	NOUN		NOUN		
63	ni	VERB	VERB		VERB		
63	pliss	ADV	ADV		ADV		
63	moun	NOUN	NOUN		NOUN		
63	kay	VERB			VERB	PART+VERB	
63	asi	ADP 	ADV	ADV	ADV	SUR	
63	la	DET			DET		
63	tè	NOUN	PART	NOUN	NOUN		
63	.	PUNCT	PUNCT		PUNCT		
64	Pou	ADP 	ADP 		ADP 		
64	ay	VERB			VERB		
64	vwè		VERB	VERB	VERB	VERB+PRON	-y ?
64	-y			PRON	PRON		
64	ou	PRON			PRON		
64	dwèt	AUX			AUX		
64	ka	PART	PART		PART		
64	pwan	VERB	VERB		VERB		
64	métro	NOUN	NOUN		NOUN		
64	Champ-de-Mars	PROPN	PROPN		PROPN		
64	.	PUNCT	PUNCT		PUNCT		
65	Raton	NOUN	NOUN		NOUN	TOKEN RATON_LAVÃˆÂ ?	
65	lavè	NOUN	ADJ	ADJ	ADJ		
65	de	ADP 	DET	ADP	ADP		
65	GwadloupkriÃ©	PROPN	ADJ	PROPN	PROPN		
65	Rakoon	NOUN	NOUN		NOUN		XÂ ?
65	an	ADP 	ADP 		ADP 		
65	Gwadloup	PROPN	PROPN		PROPN		
65	_VIRGULE_	PUNCT	PUNCT		PUNCT		
65	sé	VERB	VERB		VERB		
65	on	DET	DET		DET		
65	jan	NOUN	NOUN		NOUN		
65	raton	NOUN	NOUN		NOUN		
65	lavè	NOUN	ADJ	ADJ	ADJ		
65	_VIRGULE_	PUNCT	PUNCT		PUNCT		
65	défwa	ADV	ADV		ADV		
65	konsidéré	VERB	VERB		VERB		
65	kon	ADV	ADV		ADV		
65	an	DET	NOUN	DET	DET		
65	sou-jan	NOUN	NOUN		NOUN		
65	raton	NOUN	NOUN		NOUN		
65	lavè	NOUN	ADJ	ADJ	ADJ		
65	.	PUNCT	PUNCT		PUNCT		
66	Nou	PRON	PRON		PRON		
66	pé	VERB	VERB		VERB	AUXÂ ?	
66	vwey'		VERB		VERB	VERB+PRON	
66	an	ADP 	ADP 		ADP 		
66	léta	NOUN	NOUN		NOUN		
66	sauvaj	NOUN	ADJ	ADJ	ADJ		
66	an	ADP 	ADP 		ADP 		
66	Pak	PROPN	NOUN	PROPN	PROPN		
66	National	PROPN	ADJ	PROPN	PROPN		
66	Gwadloup	PROPN	PROPN	PROPN	PROPN		
66	_VIRGULE_	PUNCT	PUNCT		PUNCT		
66	asi	ADP 	ADV	ADP	ADP		
66	lilet	NOUN	NOUN		NOUN		
66	Basté	PROPN	PROPN		PROPN		
66	.	PUNCT	PUNCT		PUNCT		
67	Nou	PRON	PRON		PRON		
67	pé	VERB	AUX	VERB	VERB		
67	vwey'		VERB		VERB	VERB+PRON	
67	osi	ADV	ADV		ADV		
67	an	ADP 	ADP 		ADP 		
67	Pak	NOUN	NOUN		NOUN		
67	géolojik	ADJ	ADJ		ADJ		
67	é	CCONJ	CCONJ		CCONJ		
67	a	ADP 	ADP 		ADP 		
67	Mamnel	PROPN	PROPN		PROPN		
67	(	PUNCT	PUNCT		PUNCT		
67	rout	NOUN	NOUN		NOUN		
67	a	ADP 	ADP 		ADP 		
67	travésé		VERB	NOUN	NOUN	NOUN+DET	#NOM ?
67	-la		DET	DET	DET		
67	)	PUNCT	PUNCT		PUNCT		
67	.	PUNCT	PUNCT		PUNCT		
68	Sa		VERB	DET	DET		
68	nou		PRON	PRON	PRON		
68	ka	PART	SCONJ	PART	PART		qui aÂ ?
68	kriyé	VERB	VERB		VERB		
68	la	DET	DET		DET		
68	_GUILLEMET_O_	PUNCT			PUNCT		Pb de tok
68	Véritable	PROPN	PROPN		PROPN		
68	Jéus	PROPN			PROPN		
68	Eglise	PROPN			PROPN		
68	_GUILLEMET_F_	PUNCT			PUNCT		
68	sé	VERB	VERB		VERB		
68	on	DET	DET		DET		
68	légliz	NOUN	NOUN		NOUN		
68	endépandan	ADJ	ADJ		ADJ		
68	ki	PRON	SCONJ	SCONJ	SCONJ		
68	vin	AUX	AUX	VERB	VERB		
68	vwè	VERB	VERB		VERB		
68	jou	NOUN	NOUN		NOUN		
68	a	ADP 	ADP 		ADP 		
68	Pékin	PROPN	PROPN		PROPN		
68	an	ADP 	ADP 		ADP 		
68	Chine	PROPN	PROPN		PROPN		
68	an	ADP 	ADP 		ADP 		
68	1917	NUM	NUM		NUM		
68	.	PUNCT	PUNCT		PUNCT		
69	Sé	VERB	VERB		VERB		
69	on	DET	DET		DET		
69	lyannaj	NOUN	NOUN		NOUN	UNION	
69	chinwa	ADJ	ADJ		ADJ		
69	a	ADP 	VERB	ADP	ADP	DE	?
69	on	DET	DET		DET		
69	koté	NOUN	NOUN		NOUN		
69	protèstan	ADJ	ADJ		ADJ		
69	a	ADP 	ADP 		ADP 		
69	légliz	NOUN	NOUN		NOUN		
69	krétyén	ADJ	ADJ		ADJ		
69	ki	PRON	SCONJ	SCONJ	SCONJ		
69	koumansé	VERB	VERB		VERB	AUXÂ ?	
69	grandi	VERB	VERB		VERB		
69	lè	SCONJ	ADV	SCONJ	SCONJ	QUANDÂ ?	
69	lanné	NOUN	NOUN		NOUN		
69	1900	NUM	NUM		NUM		
69	rivé	VERB	VERB		VERB		
69	.	PUNCT	PUNCT		PUNCT		
70	Egliz	NOUN	PROPN	NOUN	NOUN	DEUX TOKENS	
70	-				PUNCT		
70	lasa	DET	DET		DET		
70	ni	VERB	VERB		VERB		
70	1_VIRGULE₅	NUM	NUM		NUM	1 TOKEN NUM OU ADJ ?	
70	milyon	NOUN	NOUN		NOUN		
70	fidèl	NOUN	NOUN		NOUN		
70	Latè	PROPN	PROPN		PROPN		?
70	.	PUNCT	PUNCT		PUNCT		Pq on a quâ€™une seule phrase lÃ Â ?
70	Sé	VERB	VERB		VERB		
70	on	DET	DET		DET		
70	légliz	NOUN	NOUN		NOUN		
70	pantkotist	ADJ	ADJ		ADJ		
70	_VIRGULE_	PUNCT	PUNCT		PUNCT		
70	kivédi	CCONJ		????	SCONJ		
70	moun	NOUN	NOUN		NOUN		
70	ka	PART	PART		PART		
70	poté	VERB	VERB		VERB		
70	onlo	ADV		ADV	ADV		
70	powtalans	NOUN	NOUN		NOUN		
70	don	VERBB	VERB	NOUN	NOUN		
70	a	ADP 	ADP 		ADP 		
70	Lèspwi	PROPN	PROPN		PROPN		
70	Sen	PROPN	PROPN		PROPN		
70	.	PUNCT	PUNCT		PUNCT		
71	pa	ADV	ADV		ADV		
71	ni	VERB	VERB		VERB		
71	matyè	NOUN	NOUN		NOUN		
71	premyè	ADJ	ADJ		ADJ		
71	pou	ADP 	ADP 		ADP 		
71	di	VERB			VERB		
71	ou	PRON	PRON		PRON		
71	k'ay			VERB	VERB	PART+VERB	
71	kréyé	VERB			VERB		
71	lendistri	NOUN	NOUN		NOUN		
71	_VIRGULE_	PUNCT	PUNCT		PUNCT		
71	ou	PRON	PRON		PRON		
71	ké	PART	PART		PART		
71	vini	VERB	VERB		VERB		
71	otonom	ADJ	ADJ		ADJ		
71	.	PUNCT	PUNCT		PUNCT		
72	an	ADP 	ADP 		ADP 		
72	Gwadloup	PROPN	PROPN		PROPN		
72	au	ADP 	ADP 		ADP 		XÂ ?
72	temps	NOUN	NOUN		NOUN		XÂ ?
72	ancien	ADJ	ADJ		ADJ		XÂ ?
72	sa	PRON	PRON		PRON		
72	évolyé	VERB	VERB		VERB		
72	aprézan	ADV	ADV		ADV		
72	?	PUNCT	PUNCT		PUNCT		
73	Lagwadloup	NOUN	NOUN	ERREUR TOKENISATION	PROPN		NOUN puis VERB
73	dévlopé				VERB		
73	pli	ADV	ADV		ADV		
73	vit	ADJ	ADJ		ADJ		
73	sé	VERB	VERB		VERB		
73	grand	ADJ	ADJ		ADJ		
73	tè	NOUN	NOUN		NOUN		
73	.	PUNCT	PUNCT		PUNCT		
74	é	CCONJ	CCONJ		CCONJ		?
74	nou	PRON	PRON		PRON		
74	..	PUNCT	PUNCT		PUNCT		
74	nou	PRON	PRON		PRON		
74	sé	VERB	VERB		VERB		
74	la	DET	DET		DET		
74	grande	ADJ	ADJ		ADJ		XÂ ?
74	dépendance	NOUN	NOUN		NOUN		XÂ ?
74	mais	CCONJ	ADP 	CCONJ	CCONJ		XÂ ? 
74	effectivement	ADV	ADP 	ADV	ADV		XÂ ?
74	lévolisyon	NOUN	NOUN		NOUN		lâ€™Â ?
74	ka	PART	PART		PART		qui estÂ ?
74	vini	VERB	VERB		VERB		
74	lantman	ADV	ADP 	ADV	ADV		
74	lantman	ADV	ADP 	ADV	ADV		
74	.	PUNCT	PUNCT		PUNCT		
75	nou	PRON	PRON		PRON		
75	aprézan	ADV	ADP 	ADV	ADV		
75	la		DET		DET		
75	sa		PRON		PRON		
75	ka	PART	PART		PART		
75	rivé	VERB	VERB		VERB		
75	.	PUNCT	PUNCT		PUNCT		
76	sé	VERB	VERB		VERB		
76	kè	PART	PART	PRON	PRON		
76	nou	PRON	PART	PRON	PRON		
76	ka	PART	PART		PART		
76	vin	VERB	VERB		VERB		
76	on	PRON			PRON		
76	tè	PART	PART	NOUN	NOUN		
76	apa			"? "" ce n'est pas """	ADV		
76	ki	SCONJ	SCONJ		SCONJ		
76	ka	PART	PART		PART		
76	plis	ADV	ADV		ADV		
76	ou	PRON	PRON		PRON		
76	mwen	PRON	PRON		PRON		
76	privé	VERB	VERB	ADJ	ADJ		
76	_VIRGULE_	PUNCT	PUNCT		PUNCT		
76	réchèché	VERB	VERB		VERB		
76	dans		ADV	ADP	ADP		dans la mesure oÃ¹/ADV
76	la		ADV	DET	DET		
76	mesure		ADV	NOUN	NOUN		
76	ou		ADV	PRON	PRON		
76	sé	VERB	NUM	VERB	VERB		
76	moun	NOUN	NOUN		NOUN		
76	la	DET	DET		DET		
76	ka	PART	PART		PART		qui aÂ ?
76	chèche	VERB	VERB		VERB		
76	on	PRON	DET	DET	DET		
76	sèten	ADJ	ADJ		ADJ		
76	trankilité	NOUN	NOUN		NOUN		
76	.	PUNCT	PUNCT		PUNCT		
77	manman	NOUN	NOUN		NOUN		
77	mwen	PRON	PRON		PRON		
77	té	VERB	VERB		VERB		
77	tèlman	ADV	ADV		ADV		
77	sèten	ADJ	ADJ		ADJ		
77	ké	PART	PART	PRON	SCONJ		
77	an				PRON		
77	té	PART	PART		PART		
77	réyisi	VERB	VERB		VERB	ADJÂ ?	
77	.	PUNCT	PUNCT		PUNCT		
78	i	PRON	PRON		PRON		
78	té	PART	PART		PART		
78	déja	ADV	ADV		ADV		
78	péyé	VERB	VERB		VERB		
78	biyé	NOUN	NOUN		NOUN		
78	ban	NOUN	ADP 	ADP	ADP	?? 	?
78	mwen	PRON	PRON		PRON		
78	_VIRGULE_	PUNCT	PUNCT		PUNCT		
78	Organizé	VERB	VERB		VERB		
78	séjou	NOUN	NOUN		NOUN		
78	an	ADP 	ADP 		ADP 		
78	mwen	PRON	PRON		PRON		
78	_VIRGULE_	PUNCT	PUNCT		PUNCT		
78	ay	VERB			VERB		
78	kay	PART		NOUN	NOUN		
78	moun	NOUN	NOUN		NOUN		
78	.	PUNCT	PUNCT		PUNCT		
79	k'			? (qu'est ce que)	PRON		
79	an			PRON	PRON		
79	pé	AUX			AUX		
79	fè	VERB			VERB		
79	_VIRGULE_	PUNCT	PUNCT		PUNCT		
79	an			PRON	PRON		
79	ay			VERB	VERB		
79	linivèsité	NOUN	NOUN		NOUN		
79	dè	ADP 	DET	ADP	ADP		
79	Lille	PROPN	PROPN		PROPN		
79	.	PUNCT	PUNCT		PUNCT		
80	lèt	NOUN	NOUN		NOUN		
80	_VIRGULE_	PUNCT	PUNCT		PUNCT		
80	lang	NOUN	NOUN		NOUN		
80	_VIRGULE_	PUNCT	PUNCT		PUNCT		
80	la			DET	DET		
80	tou			ADV	ADV		
80	moun	NOUN	NOUN		NOUN		
80	k'ay			VERB	VERB	PART+VERB	
80	lè	VERB		SCONJ 	SCONJ 		
80	yo	PRON	PRON		PRON	ILS	
80	pa	ADV	ADV		ADV		
80	sav	VERB	VERB		VERB		
80	pou	ADP 	ADP 		ADP 		
80	yo	PRON	PART	PRON	PRON		
80	fè	VERB	VERB		VERB		
80	.	PUNCT	PUNCT		PUNCT		
81	an	PRON	PRON		PRON		
81	enskri	VERB	VERB		VERB		
81	mwen	PRON	PRON		PRON		
81	an	ADP 	ADP 		ADP 		
81	lettres	NOUN	NOUN		NOUN		XÂ ?
81	modernes	NOUN	ADJ	ADJ	ADJ		XÂ ? 
81	.	PUNCT	PUNCT		PUNCT		
82	monchè	NOUN		NOUN	INTJ	INTJ ?	
82	an	PRON			PRON		
82	di	VERB			VERB		
82	an			VERB ?	VERB ?		
82	nou	PRON	PRON		PRON		
82	ay			VERB 	VERB 		
82	!	PUNCT	PUNCT		PUNCT		
83	sé	VERB	VERB		VERB		
83	vré	ADJ	ADJ		ADJ		
83	kè	SCONJ	SCONJ		SCONJ		
83	sé		VERB		VERB		
83	on	DET	DET		DET		
83	moman	NOUN	NOUN		NOUN		
83	an				PRON		
83	té		PART		PART		
83	dwèt	VERB			VERB		
83	fété	VERB			VERB		
83	_VIRGULE_	PUNCT	PUNCT		PUNCT		
83	an				PRON		
83	té		PART		PART		
83	dwèt	VERB			VERB		
83	jwayèz	ADJ	ADJ		ADJ		
83	.	PUNCT	PUNCT		PUNCT		
84	an	PRON			PRON		
84	jwayèz	ADJ	ADJ		ADJ		
84	an	PRON			PRON		
84	ka	PART	PART		PART		
84	souri	VERB	VERB		VERB		
84	_VIRGULE_	PUNCT	PUNCT		PUNCT		
84	an	PRON			PRON		
84	ka	PART	PART		PART		
84	ri	VERB	VERB		VERB		
84	.	PUNCT	PUNCT		PUNCT		
85	men	ADV			ADV	MAIS	
85	sé	VERB	VERB		VERB		
85	vrè	ADJ	ADJ		ADJ		
85	kè	SCONJ	SCONJ		SCONJ		
85	an	PRON			PRON		
85	ka	PART	PART		PART		
85	di	VERB			VERB		
85	mwen	PRON	PRON		PRON		
85	é	CCONJ			CCONJ		
85	i	PRON	PRON		PRON		
85	poko	ADV		ADV	ADV		
85	menm	ADV	ADV		ADV		
85	fini	VERB	VERB		VERB		
85	.	PUNCT	PUNCT		PUNCT		
86	kon	ADV		SCONJ	SCONJ	ADV OU CONJÂ ?	
86	an	PRON			PRON		
86	té	PART	PART		PART		
86	ka	PART	PART		PART		
86	di	VERB			VERB		
86	zot	PRON	PRON		PRON	VOUSÂ ?	
86	ni	VERB			VERB		
86	an	PRON			PRON		
86	dot	NOUN		DET	DET	Dâ€™AUTRES	
86	a	ADP 			ADP 		
86	lafen_dimwa	NOUN	NOUN		NOUN	LAFEN_DIMWAÂ ?	la fin du moisÂ ? = que faireÂ ?
86	.	PUNCT	PUNCT		PUNCT		
87	men	PRON			PRON		
87	an	PRON			PRON		
87	trè	ADV	ADV		ADV		
87	éfréyé	ADJ	ADJ		ADJ		
87	_VIRGULE_	PUNCT	PUNCT		PUNCT		
87	an	PRON			PRON		
87	éfréyé	ADJ	ADJ		ADJ		
87	anlo	ADV	ADV		ADV		
87	_VIRGULE_	PUNCT	PUNCT		PUNCT		
87	anlo	ADV	ADV		ADV		
87	_VIRGULE_	PUNCT	PUNCT		PUNCT		
87	anlo	ADV	ADV		ADV		
87	menm	ADV	ADV		ADV		
87	.	PUNCT	PUNCT		PUNCT		
88	an	PRON	PRON		PRON		
88	promèt	VERB	VERB		VERB		
88	li	PRON			PRON		
88	ké	SCONJ	PART	SCONJ	SCONJ		
88	on	PRON	DET	DET	DET		
88	jou	VERB	NOUN	NOUN	NOUN		
88	an	PRON			PRON		
88	ké	PART	PART		PART		
88	pi	VERB		ADV	ADV		
88	gran	ADV	ADJ	ADJ	ADJ		
88	an	PRON			PRON		
88	ké	PART	PART		PART		
88	aprann	VERB	VERB		VERB		
88	lang	NOUN	NOUN		NOUN		
88	dé	DET	DET		DET		
88	siny	NOUN	NOUN		NOUN		
88	.	PUNCT	PUNCT		PUNCT		
89	eskizé	VERB	VERB		VERB		
89	mwen	PRON	PRON		PRON		
89	_VIRGULE_	PUNCT	PUNCT		PUNCT		
89	an	PRON			PRON		
89	ka	PART	PART		PART		
89	...	PUNCT	PUNCT		PUNCT		
89	an	PRON			PRON		
89	ka	PART	PART		PART		
89	palé	VERB	VERB		VERB		
89	fransé	NOUN	NOUN		NOUN		
89	paskè	SCONJ	SCONJ		SCONJ		
89	sé	VERB	VERB		VERB		
89	konsa	ADV	ADV		ADV		comme Ã§aÂ ?
89	an	PRON	PRON		PRON		
89	di	VERB	VERB	VERB	VERB		
89	'y	PRON	PRON		PRON		
89	sa	PRON	PRON		PRON		
89	paskè	SCONJ	SCONJ		SCONJ		
89	i	PRON	PRON		PRON		
89	pa	ADV	ADV		ADV		
89	ka	PART	PART		PART		
89	...	PUNCT	PUNCT		PUNCT		
89	i	PRON	PRON		PRON		
89	pa	ADV	ADV		ADV		
89	ka	PART	PART		PART		
89	li	VERB	VERB		VERB		
89	kréyol	NOUN	NOUN		NOUN		
89	.	PUNCT	PUNCT		PUNCT		
90	an	PRON	PRON		PRON		
90	pa	ADV	ADV		ADV		
90	bezwen	AUX	AUX		AUX		
90	travay	VERB	NOUN	VEBR OU NOUN	VERB	Si bezwen est un aux, travay doit être verb non ?	
90	_VIRGULE_	PUNCT	PUNCT		PUNCT		
90	pa	ADV	ADV		ADV		
90	bezwen	AUX	AUX		AUX		
90	travay	VERB	NOUN	VERB	VERB		
90	lékol	NOUN	NOUN		NOUN		
90	_VIRGULE_	PUNCT	PUNCT		PUNCT		
90	pa	ADV	ADV		ADV		
90	bizwen	AUX	AUX		AUX		
90	fè	VERB	VERB		VERB		
90	ayen	NOUN	NOUN		NOUN		
90	piskè	SCONJ	PRON	SCONJ	SCONJ		
90	yo	PRON	PRON		PRON		
90	ka	PART	PART		PART		
90	ban	ADV		VERB	VERB		
90	mwen	PRON	PRON		PRON		
90	tout	ADV	ADV		ADV		
90	sa	PRON	PRON		PRON		
90	an	PRON			PRON		
90	bizwen	VERB	AUX	VERB	VERB		
90	.	PUNCT	PUNCT		PUNCT		
91	gadé	VERB	VERB		VERB		
91	si	SCONJ			SCONJ		
91	ou	PRON	PRON		PRON		
91	kouté	VERB	VERB		VERB		
91	mizik	NOUN	NOUN		NOUN		
91	kréyol	ADJ	ADJ		ADJ		
91	é	CCONJ			CCONJ		
91	ou	PRON	PRON		PRON		
91	kouté	VERB	VERB		VERB		
91	mizik	NOUN	NOUN		NOUN		
91	an	ADP 	DET	ADP	ADP		
91	fransé	ADJ	ADJ		ADJ		
91	sé	VERB	VERB		VERB		
91	dé	DET	DET		DET		
91	biten	NOUN	NOUN		NOUN		
91	diféran	ADJ	ADJ		ADJ		
91	.	PUNCT	PUNCT		PUNCT		
92	piti	ADJ	ADJ		ADJ		
92	manman	NOUN	NOUN		NOUN		
92	nou	PRON	PRON		PRON		
92	té	PART	PART		PART		
92	ka	PART	PART		PART		
92	chanté	VERB	VERB		VERB		
92	ban	VERB		ADP	ADP		
92	nou	PRON	PRON		PRON		
92	an	ADP 			ADP 		
92	pou	ADP 	ADP 		ADP 		
92	nou	PRON	PRON		PRON		
92	té	PART	PART		PART		
92	pé	AUX			AUX		
92	domi	VERB	VERB		VERB		
92	lè	VERB		SCONJ	SCONJ		
92	nou	PRON	PRON		PRON		
92	pa	ADV	ADV		ADV		
92	té	ADV	ADV	VERB	VERB		
92	byen	ADV	ADJ	ADJ	ADJ		
92	.	PUNCT	PUNCT		PUNCT		
93	an	PRON			PRON		
93	ka	PART	PART		PART		
93	li	VERB	VERB		VERB		
93	su	ADP 	ADP 		ADP 		
93	l7V	NOUN	NOUN		NOUN		
93	a'w	NOUN		PRON	PRON		
93	sa	DET	DET	DET	DET		
93	'w	PRON	PRON	PRON	PRON		
93	ka	PART	PART		PART		
93	di	VERB	VERB		VERB		
93	.	PUNCT	PUNCT		PUNCT		
94	an	PRON			PRON		
94	ni	VERB	VERB		VERB		
94	on	PRON	NOUN	DET	DET		
94	otofonis	NOUN	NOUN		NOUN		
94	ki	PRON	SCONJ	PRON	PRON		
94	aprann	VERB	VERB		VERB		
94	mwen	PRON	PRON		PRON		
94	fè	VERB	VERB		VERB		
94	sa	PRON	PRON		PRON		
94	.	PUNCT	PUNCT		PUNCT		
95	sé	VERB	VERB		VERB		
95	konsa	ADV	ADV		ADV		
95	an	PRON	PRON		PRON		
95	ka	PART	PART		PART		
95	konprann	VERB	VERB		VERB		
95	sa	DET	DET	DET	DET		'w Ã  tokÂ ?
95	'w	PRON	PRON	PRON	PRON		
95	ka	PART	SCONJ	PART	PART		
95	di	VERB	VERB		VERB		
95	.	PUNCT	PUNCT		PUNCT		
96	pou	ADP 	ADP 		ADP 		
96	an	DET	DET		DET		
96	timoun	NOUN	NOUN		NOUN		
96	fè	ADJ	VERB	? il faut 	VERB		
96	mennen	VERB	ADV	VERB	VERB		
96	an		DET		DET		
96	ti		ADJ		ADJ		
96	biten	NOUN	NOUN		NOUN		bout de tempsÂ ?
96	kanmen	ADV	ADV		ADV		
96	menmsi	ADV	ADV		ADV		
96	a_pa	VERB		? a pa = ce n'est pas	ADV		
96	_VIRGULE_	PUNCT	PUNCT		PUNCT		
96	a_pa	VERB		? a pa= ce n'est pas	ADV		
96	gran	ADJ	ADJ		ADJ		
96	choz	NOUN	NOUN		NOUN		
96	.	PUNCT	PUNCT		PUNCT		
97	an	NOUN	PRON	PRON	PRON		
97	ka	PART	PART		PART		
97	rakonté	VERB	VERB		VERB		
97	tan		ADV	?	PRON		
97	mwen	PRON	PRON		PRON		
97	kanmenm	ADV	ADV		ADV		
97	pou	ADP 	ADP 		ADP 		
97	zot	NOUN	PRON	PRON	PRON		
97	pé	AUX		VERB	VERB		
97	sa	PRON			PRON		
97	konprann	VERB	VERB		VERB		
97	ki			PRON	PRON		
97	biten	NOUN			NOUN		
97	an	PRON			PRON		
97	ka	PART	PART		PART		
97	palé	VERB	VERB		VERB		
97	lè			SCONJ	SCONJ		
97	an	PRON			PRON		
97	ka	PART	PART		PART		
97	di	VERB	VERB		VERB		
97	sé	VERB	VERB		VERB		
97	on	DET	DET		DET		
97	pakou	NOUN	NOUN		NOUN		
97	enpotan	ADJ	ADJ		ADJ		
97	.	PUNCT	PUNCT		PUNCT		
98	i	PRON	PRON		PRON		
98	té	PART	PART		PART		
98	ka	PART	PART		PART		
98	palé	VERB	VERB		VERB		
98	ban	ADP 			ADP 	POUR	
98	mwen	PRON	PRON		PRON		
98	é	CCONJ			CCONJ		
98	an	PRON			PRON		
98	té	PART	PART		PART		
98	ka	PART	PART		PART		
98	palé	VERB	VERB		VERB		
98	ba	ADP 	ADP 		ADP		
98	'y	PRON	PRON		PRON		
98	.	PUNCT	PUNCT		PUNCT		
99	i	PRON	PRON		PRON		
99	té	PART	PART		PART		
99	ka	PART	PART		PART		
99	réponn	VERB	VERB		VERB		
99	_VIRGULE_	PUNCT	PUNCT		PUNCT		
99	i	PRON	PRON		PRON		
99	té	PART	PART		PART		
99	ka	PART	PART		PART		
99	tann	VERB	VERB		VERB		
99	_VIRGULE_	PUNCT	PUNCT		PUNCT		
99	an	PRON	PRON		PRON		
99	pa	ADV	ADP 	ADV	ADV		
99	ka	PART	PART		PART		
99	konprann	VERB	VERB		VERB		
99	.	PUNCT	PUNCT		PUNCT		
100	moun	NOUN	NOUN		NOUN		
100	la	DET	DET		DET		
100	ka	PART	PART		PART		
100	préparé	VERB	VERB		VERB		
100	Lemardigra	NOUN	PROPN	PROPN	PROPN		Le mardi grasÂ ? Je dirais que non, on garde collÃ©
100	avè	ADP 	ADP 		ADP 		
100	dé	DET	DET		DET		?
100	défilé	NOUN	NOUN		NOUN		?
100	tou	ADV	ADV		ADV		
100	lé	DET	DET		DET		
100	dimanch	NOUN	NOUN		NOUN		
